epoch,train_loss,val_loss,val_psnr,sec_per_iter,minutes
0,0.16960,0.09868,24.199,0.954,8.2
1,0.13064,0.13772,21.983,0.950,8.1
2,0.11985,0.09197,24.936,0.956,8.1
3,0.10873,0.12939,22.494,0.948,8.1
4,0.10301,0.17869,20.515,0.943,8.0
5,0.09744,0.12422,23.399,0.947,8.1
6,0.08960,0.11083,24.017,0.957,8.1
7,0.08699,0.11334,24.060,0.956,8.1
8,0.08655,0.12871,23.136,0.973,8.3
9,0.08248,0.13694,22.927,0.985,8.4
10,0.08119,0.09430,25.556,0.984,8.4
11,0.07866,0.13214,23.596,0.995,8.5
12,0.07690,0.09360,25.685,0.971,8.3
13,0.07293,0.08448,26.190,0.969,8.2
14,0.07551,0.11067,24.138,0.978,8.3
15,0.07259,0.09651,24.945,0.984,8.4
16,0.07027,0.09883,25.033,0.979,8.3
17,0.07096,0.10061,24.980,0.981,8.4
18,0.06978,0.12270,23.603,0.980,8.3
19,0.06805,0.09990,24.821,0.986,8.4
20,0.06631,0.08417,25.940,0.982,8.4
21,0.06661,0.07989,26.545,0.981,8.3
22,0.06547,0.07415,27.211,0.952,8.1
23,0.06477,0.11414,24.212,0.942,8.0
24,0.06579,0.08126,26.641,0.943,8.0
25,0.06261,0.08058,26.547,0.954,8.1
